{
    "0": {
        "comp": "Ag10Cu40Zr50",
        "dmax": 5.0,
        "tg": 701.2531830985,
        "tprime": 691.4181844913,
        "taprime": 1321.4451723972,
        "tprimeextrap": 519.4955685171,
        "tstar": 845.9425721628,
        "ta": 1328.4441046995,
        "tstarextrap": 592.2995339178,
        "tl": 1177.0
    },
    "1": {
        "comp": "Ag10Cu45Zr45",
        "dmax": 6.0,
        "tg": 709.8056484826,
        "tprime": 687.0352084696,
        "taprime": 1317.1566752046,
        "tprimeextrap": 525.2041025556,
        "tstar": 844.904983419,
        "ta": 1319.1932554958,
        "tstarextrap": 671.3405326386,
        "tl": 1159.0
    },
    "2": {
        "comp": "Ag10Cu54Zr36",
        "dmax": 6.0,
        "tg": 662.8705724828,
        "tprime": 706.7006268705,
        "taprime": 1330.0524815189,
        "tprimeextrap": 568.7227348238,
        "tstar": 849.4579496124,
        "ta": 1330.5121882972,
        "tstarextrap": 653.1926831258,
        "tl": 1146.0
    },
    "3": {
        "comp": "Ag12Cu38Zr50",
        "dmax": 4.0,
        "tg": 670.9267486527,
        "tprime": 700.984574575,
        "taprime": 1330.5970607787,
        "tprimeextrap": 547.5953557198,
        "tstar": 828.0727262494,
        "ta": 1307.6018666907,
        "tstarextrap": 584.5188312484,
        "tl": 1187.0
    },
    "4": {
        "comp": "Ag12Cu44Zr44",
        "dmax": 4.0,
        "tg": 655.0988918778,
        "tprime": 663.7361406075,
        "taprime": 1285.731830206,
        "tprimeextrap": 481.3570866855,
        "tstar": 816.1688815897,
        "ta": 1287.9700317742,
        "tstarextrap": 538.6542974494,
        "tl": 1156.0
    },
    "5": {
        "comp": "Ag16Cu42Zr42",
        "dmax": 2.0,
        "tg": 681.9331031493,
        "tprime": 665.818705928,
        "taprime": 1295.4508197438,
        "tprimeextrap": 509.0584755103,
        "tstar": 815.9351902305,
        "ta": 1297.3713303126,
        "tstarextrap": 574.9617189095,
        "tl": 1232.0
    },
    "6": {
        "comp": "Ag2Cu48Zr50",
        "dmax": 2.0,
        "tg": 674.8723611796,
        "tprime": 706.4974452533,
        "taprime": 1333.7593672759,
        "tprimeextrap": 545.2780895338,
        "tstar": 852.8789188522,
        "ta": 1333.7278099195,
        "tstarextrap": 629.9386400167,
        "tl": 1192.0
    },
    "7": {
        "comp": "Ag4Cu48Zr48",
        "dmax": 3.0,
        "tg": 697.4696684953,
        "tprime": 690.6628384939,
        "taprime": 1321.4903643992,
        "tprimeextrap": 526.9956933056,
        "tstar": 831.0143127625,
        "ta": 1307.1817094632,
        "tstarextrap": 593.7906861429,
        "tl": 1199.0
    },
    "8": {
        "comp": "Ag5Cu45Zr50",
        "dmax": 4.0,
        "tg": 679.2225915582,
        "tprime": 688.5702176478,
        "taprime": 1316.7366400482,
        "tprimeextrap": 527.0855293977,
        "tstar": 840.4048893292,
        "ta": 1318.6414574601,
        "tstarextrap": 649.0147310714,
        "tl": 1188.0
    },
    "9": {
        "comp": "Ag7Cu43Zr50",
        "dmax": 4.0,
        "tg": 659.3832590802,
        "tprime": 681.561726073,
        "taprime": 1310.3757298688,
        "tprimeextrap": 509.1416147764,
        "tstar": 846.3152398976,
        "ta": 1324.3273553076,
        "tstarextrap": 639.224626689,
        "tl": 1171.0
    },
    "10": {
        "comp": "Ag8Cu46Zr46",
        "dmax": 4.0,
        "tg": 680.6649686457,
        "tprime": 672.5432887143,
        "taprime": 1303.8270885962,
        "tprimeextrap": 497.2599239525,
        "tstar": 839.2821684939,
        "ta": 1321.2369520666,
        "tstarextrap": 578.7733237792,
        "tl": 1167.0
    },
    "11": {
        "comp": "Al10Cu40Zr50",
        "dmax": 22.0,
        "tg": 781.5185214389,
        "tprime": 763.7887883177,
        "taprime": 1378.9754533667,
        "tprimeextrap": 583.4800435865,
        "tstar": 948.214575377,
        "ta": 1411.2725445349,
        "tstarextrap": 727.9226327446,
        "tl": 1149.5
    },
    "12": {
        "comp": "Al7Cu45Zr48",
        "dmax": 5.0,
        "tg": 754.4167560759,
        "tprime": 768.2303365112,
        "taprime": 1393.2230616903,
        "tprimeextrap": 599.9709692513,
        "tstar": 935.5825937296,
        "ta": 1403.04925768,
        "tstarextrap": 709.3030804274,
        "tl": 1193.6666666667
    },
    "13": {
        "comp": "Al7Cu46Zr47",
        "dmax": 3.0,
        "tg": 752.2269812626,
        "tprime": 759.517084894,
        "taprime": 1384.4421082121,
        "tprimeextrap": 595.9291128662,
        "tstar": 923.9186070774,
        "ta": 1384.7236815907,
        "tstarextrap": 659.4085593259,
        "tl": 1163.0
    },
    "14": {
        "comp": "Al7Cu50Zr43",
        "dmax": 5.0,
        "tg": 749.9811334006,
        "tprime": 769.5150365185,
        "taprime": 1395.0613488796,
        "tprimeextrap": 608.6158652048,
        "tstar": 935.4017909723,
        "ta": 1402.6341032914,
        "tstarextrap": 727.6425197024,
        "tl": 1181.8
    },
    "15": {
        "comp": "Cu46Zr54",
        "dmax": 2.0,
        "tg": 699.5849680587,
        "tprime": 716.9123835489,
        "taprime": 1336.2456095436,
        "tprimeextrap": 554.0765445742,
        "tstar": 827.0592533296,
        "ta": 1283.640540872,
        "tstarextrap": 548.7040426521,
        "tl": 1201.0
    },
    "16": {
        "comp": "Cu50Zr50",
        "dmax": 2.0555555556,
        "tg": 695.5738450012,
        "tprime": 724.4281929182,
        "taprime": 1348.9905386754,
        "tprimeextrap": 580.1344412173,
        "tstar": 859.1376731951,
        "ta": 1337.6949888836,
        "tstarextrap": 636.6897598445,
        "tl": 1225.75
    },
    "17": {
        "comp": "Cu60Zr40",
        "dmax": 1.0,
        "tg": 715.0998331023,
        "tprime": 743.6053779953,
        "taprime": 1365.1205229734,
        "tprimeextrap": 612.0724302103,
        "tstar": 866.7540390928,
        "ta": 1348.7195884049,
        "tstarextrap": 649.4692420917,
        "tl": 1217.3833333333
    },
    "18": {
        "comp": "Cu64Zr36",
        "dmax": 2.0,
        "tg": 762.3931064229,
        "tprime": 770.6093562121,
        "taprime": 1377.1773633707,
        "tprimeextrap": 659.9417490881,
        "tstar": 867.7391628583,
        "ta": 1344.1155254033,
        "tstarextrap": 665.5701293885,
        "tl": 1230.0
    },
    "19": {
        "comp": "Nb40Ni60",
        "dmax": 1.0,
        "tg": 1044.3141949703,
        "tprime": 1059.5445885653,
        "taprime": 1592.8622349539,
        "tprimeextrap": 881.496954326,
        "tstar": 1271.2546647129,
        "ta": 1608.9151150716,
        "tstarextrap": 964.7929408413,
        "tl": 1480.0
    },
    "20": {
        "comp": "Ni80P20",
        "dmax": 0.12,
        "tg": 525.8064535872,
        "tprime": 489.5348785347,
        "taprime": 1011.9086689374,
        "tprimeextrap": 272.3376101863,
        "tstar": 684.8712914062,
        "ta": 1133.5160719086,
        "tstarextrap": 403.6773311435,
        "tl": 1161.0
    }
}